label_id	anchor_x	anchor_y	anchor_z	bb_min_x	bb_min_y	bb_min_z	bb_max_x	bb_max_y	bb_max_z	n_pixels
1.0	3.3878658043654	18.1071948261924	0.0	2.4	17.07	0.0	4.4399999999999995	19.2	0.0	3711.0
2.0	5.571720956242136	22.428969663078423	0.0	3.84	21.18	0.0	7.199999999999999	23.7	0.0	7153.0
3.0	5.260569828085762	31.0470156461271	0.0	3.96	29.759999999999998	0.0	6.42	32.4	0.0	5177.0
4.0	6.389944866920153	34.28959125475286	0.0	4.26	31.38	0.0	9.03	38.25	0.0	15780.0
5.0	7.033327540106956	19.10138703208556	0.0	4.6499999999999995	17.13	0.0	9.24	21.0	0.0	14960.0
6.0	7.971986842105263	15.776644736842107	0.0	6.4799999999999995	15.36	0.0	9.42	16.11	0.0	760.0
7.0	7.936302933949992	37.12132533603121	0.0	6.4799999999999995	35.79	0.0	9.45	38.49	0.0	6919.0
8.0	10.235268345453452	50.05971212212275	0.0	6.51	44.16	0.0	14.19	53.22	0.0	16639.0
9.0	8.393664871713652	31.670367437440607	0.0	6.75	29.97	0.0	9.93	33.39	0.0	9471.0
10.0	7.951406249999998	28.451917067307694	0.0	7.35	27.54	0.0	8.58	29.279999999999998	0.0	1664.0
11.0	8.42656050955414	34.29847133757962	0.0	8.04	33.66	0.0	9.09	35.28	0.0	471.0
12.0	9.507532916037123	34.725404705374494	0.0	8.219999999999999	33.57	0.0	10.77	35.76	0.0	4633.0
13.0	10.090908394998712	21.402204644041852	0.0	8.58	18.57	0.0	11.52	23.82	0.0	11757.0
14.0	17.301426227266518	49.26461245851098	0.0	8.76	44.519999999999996	0.0	29.369999999999997	54.809999999999995	0.0	80443.0
15.0	9.911058981233245	31.85782841823056	0.0	9.42	30.48	0.0	10.23	33.03	0.0	746.0
16.0	10.866458333333332	26.689791666666665	0.0	9.54	25.29	0.0	12.27	28.11	0.0	6768.0
17.0	21.07754613632795	14.242481741793618	0.0	9.78	11.129999999999999	0.0	31.08	17.939999999999998	0.0	50936.0
18.0	11.279720605355063	41.4476717112922	0.0	9.84	40.019999999999996	0.0	12.87	42.96	0.0	6872.0
19.0	12.45819301331994	32.96214878110078	0.0	10.379999999999999	31.29	0.0	14.549999999999999	34.65	0.0	11937.0
20.0	11.655612799355996	36.53553230026162	0.0	10.53	35.28	0.0	12.809999999999999	37.86	0.0	4969.0
21.0	11.681467710371825	24.47499021526419	0.0	11.01	23.369999999999997	0.0	12.6	25.32	0.0	1533.0
22.0	12.623107026386013	24.067142010080047	0.0	11.49	23.009999999999998	0.0	13.59	25.29	0.0	3373.0
23.0	13.339119652820834	43.13437383756975	0.0	12.45	42.03	0.0	14.25	44.37	0.0	3226.0
24.0	14.532874077155038	17.63979099511282	0.0	12.9	15.959999999999999	0.0	16.169999999999998	19.41	0.0	9617.0
25.0	15.298848059454995	51.340404624277454	0.0	12.959999999999999	50.129999999999995	0.0	18.18	52.589999999999996	0.0	2422.0
26.0	14.228161391640493	36.623462188934525	0.0	13.17	35.46	0.0	15.299999999999999	37.71	0.0	4139.0
27.0	14.909659232580694	26.688708962460172	0.0	13.26	25.349999999999998	0.0	16.47	27.959999999999997	0.0	7219.0
28.0	15.323778879431297	39.82119352726593	0.0	13.559999999999999	38.04	0.0	17.04	41.67	0.0	10691.0
29.0	15.382300124533	23.753155666251555	0.0	13.709999999999999	22.349999999999998	0.0	17.009999999999998	25.23	0.0	8030.0
30.0	16.458879310344827	16.072579575596816	0.0	15.87	14.76	0.0	17.759999999999998	16.89	0.0	1508.0
31.0	16.865264080100125	35.02245807259073	0.0	15.959999999999999	33.81	0.0	17.82	36.24	0.0	3995.0
32.0	16.861549586776857	40.45059917355371	0.0	16.32	39.449999999999996	0.0	17.16	41.43	0.0	484.0
33.0	17.688217019360646	47.25759567762269	0.0	16.32	45.87	0.0	19.14	48.629999999999995	0.0	6663.0
34.0	17.188218579234974	15.633639344262294	0.0	16.38	14.67	0.0	18.09	16.56	0.0	2745.0
35.0	17.4977449168207	25.600609981515714	0.0	16.89	24.72	0.0	18.18	26.4	0.0	1623.0
36.0	18.54876593574707	19.297094594594604	0.0	17.009999999999998	17.73	0.0	20.099999999999998	20.849999999999998	0.0	7844.0
37.0	18.385549190892167	28.617559788056706	0.0	17.009999999999998	26.97	0.0	19.83	30.24	0.0	6983.0
38.0	18.953329996359663	38.84870313068802	0.0	17.31	36.99	0.0	20.73	40.769999999999996	0.0	10988.0
39.0	19.667854425564283	23.328044636063908	0.0	17.939999999999998	21.24	0.0	21.45	25.259999999999998	0.0	11829.0
40.0	19.034505386875612	35.663251714005874	0.0	18.09	34.71	0.0	19.98	36.66	0.0	3063.0
41.0	18.792877030162412	54.87494199535963	0.0	18.18	54.629999999999995	0.0	19.349999999999998	55.14	0.0	431.0
42.0	19.544393203883484	43.132633495145626	0.0	18.779999999999998	42.18	0.0	20.31	44.129999999999995	0.0	2472.0
43.0	21.02783329018897	46.17896194667357	0.0	19.02	44.37	0.0	22.95	48.18	0.0	11589.0
44.0	20.025888501742166	47.230104529616725	0.0	19.349999999999998	46.35	0.0	20.669999999999998	47.97	0.0	861.0
45.0	20.839734657947677	16.470052816901408	0.0	19.38	14.94	0.0	22.349999999999998	18.09	0.0	7952.0
46.0	20.56558074375955	27.383015792154882	0.0	19.41	26.43	0.0	21.81	28.349999999999998	0.0	3926.0
47.0	20.831923277661794	36.853622129436324	0.0	19.95	35.58	0.0	21.779999999999998	38.07	0.0	3832.0
48.0	21.003215537383173	30.45708820093458	0.0	20.04	29.459999999999997	0.0	21.99	31.47	0.0	3424.0
49.0	20.710614617940198	52.17737541528239	0.0	20.4	50.879999999999995	0.0	21.39	53.339999999999996	0.0	602.0
50.0	22.095332915360498	55.86361504702195	0.0	20.43	54.33	0.0	23.58	57.51	0.0	7975.0
51.0	22.107574421168685	51.66236310180082	0.0	20.58	50.1	0.0	23.759999999999998	53.28	0.0	8163.0
52.0	22.47843287995269	25.120372560615017	0.0	21.39	23.849999999999998	0.0	23.669999999999998	26.459999999999997	0.0	5073.0
53.0	23.22699109311741	33.27710769230768	0.0	21.45	31.32	0.0	24.96	35.309999999999995	0.0	12350.0
54.0	22.745339425587467	39.279216710182766	0.0	21.57	38.1	0.0	23.939999999999998	40.44	0.0	4596.0
55.0	23.442618914381644	22.54318970341354	0.0	22.2	21.27	0.0	24.75	23.759999999999998	0.0	5361.0
56.0	24.21833547632963	42.30504266510812	0.0	22.71	40.62	0.0	25.77	44.01	0.0	8555.0
57.0	25.25157535455776	47.48017183546166	0.0	23.07	45.059999999999995	0.0	27.509999999999998	49.86	0.0	16993.0
58.0	24.717931886844273	59.547857731392476	0.0	23.189999999999998	58.5	0.0	25.83	60.72	0.0	3641.0
59.0	24.85272117476432	26.352710297316897	0.0	23.759999999999998	24.93	0.0	26.009999999999998	27.72	0.0	5516.0
60.0	25.576676978877753	38.16183699594623	0.0	23.82	36.66	0.0	27.36	39.75	0.0	9374.0
61.0	25.207833477029187	19.37361128217761	0.0	23.849999999999998	17.669999999999998	0.0	26.64	21.119999999999997	0.0	8119.0
62.0	24.541602451838877	30.097802101576182	0.0	23.939999999999998	29.549999999999997	0.0	25.169999999999998	30.689999999999998	0.0	1142.0
63.0	25.73623508353222	52.23075775656324	0.0	24.18	50.07	0.0	27.24	54.239999999999995	0.0	10056.0
64.0	26.170265580361875	56.42345466088244	0.0	24.66	54.69	0.0	27.84	58.23	0.0	9451.0
65.0	25.87521240234374	35.317719726562494	0.0	24.75	34.29	0.0	26.97	36.42	0.0	4096.0
66.0	27.184305015895433	15.970512186506534	0.0	25.2	14.25	0.0	29.189999999999998	17.61	0.0	11324.0
67.0	26.84547531398874	23.038327197921177	0.0	25.2	21.33	0.0	28.38	24.779999999999998	0.0	9236.0
68.0	27.149147257700964	44.00446280991735	0.0	25.47	42.629999999999995	0.0	28.799999999999997	45.42	0.0	7986.0
69.0	27.433683897801526	32.65123885918004	0.0	25.86	30.689999999999998	0.0	29.04	34.589999999999996	0.0	10098.0
70.0	27.62137630662022	26.094263937282232	0.0	26.64	25.32	0.0	28.56	26.97	0.0	2296.0
71.0	28.21623011664898	19.237067868504766	0.0	26.939999999999998	17.91	0.0	29.52	20.55	0.0	5658.0
72.0	28.7496446256918	50.23806291872997	0.0	27.3	48.12	0.0	30.33	52.23	0.0	10299.0
73.0	29.302116923076923	46.47614769230769	0.0	27.81	44.97	0.0	30.84	47.94	0.0	8125.0
74.0	28.696263812154694	30.3148135359116	0.0	27.99	28.349999999999998	0.0	30.09	31.2	0.0	1448.0
75.0	29.18136711748411	38.26699201564283	0.0	27.99	36.75	0.0	30.45	39.809999999999995	0.0	6137.0
76.0	29.47749401583502	29.25552936844044	0.0	28.259999999999998	27.72	0.0	30.81	30.84	0.0	5431.0
77.0	29.671303037911123	65.94055736881747	0.0	28.439999999999998	63.33	0.0	30.66	68.39999999999999	0.0	3983.0
78.0	30.99753402245853	57.68775117126496	0.0	28.65	55.769999999999996	0.0	33.21	59.519999999999996	0.0	13447.0
79.0	30.99420122020111	22.846101570444013	0.0	28.74	20.279999999999998	0.0	33.089999999999996	25.59	0.0	17702.0
80.0	29.81015453779152	26.18431019949424	0.0	28.74	25.169999999999998	0.0	30.84	27.209999999999997	0.0	3559.0
81.0	29.743917274939168	42.263576642335764	0.0	28.83	41.07	0.0	30.66	43.41	0.0	3699.0
82.0	29.34926294820717	19.30374501992032	0.0	28.95	18.029999999999998	0.0	29.669999999999998	20.279999999999998	0.0	502.0
83.0	30.39195266272189	28.20223668639053	0.0	29.07	27.419999999999998	0.0	31.11	29.849999999999998	0.0	845.0
84.0	30.418515742128935	35.34249375312343	0.0	29.07	33.99	0.0	31.74	36.78	0.0	6003.0
85.0	29.645877742946706	28.5319749216301	0.0	29.25	27.869999999999997	0.0	30.029999999999998	29.04	0.0	638.0
86.0	30.640710315009265	15.124762198888202	0.0	29.58	14.19	0.0	31.74	16.02	0.0	3238.0
87.0	30.63385492227979	65.25155440414507	0.0	29.849999999999998	64.32	0.0	31.23	66.21	0.0	1930.0
88.0	30.534236220472437	29.414173228346456	0.0	29.939999999999998	27.9	0.0	30.869999999999997	30.48	0.0	635.0
89.0	31.602398619499567	62.860146678170835	0.0	30.209999999999997	62.129999999999995	0.0	32.58	63.51	0.0	2318.0
90.0	30.766478873239432	46.73601609657947	0.0	30.299999999999997	45.6	0.0	31.08	47.64	0.0	497.0
91.0	31.232952212389378	48.93993982300885	0.0	30.36	47.97	0.0	32.22	49.89	0.0	2825.0
92.0	33.186588579795014	71.04683016105417	0.0	30.84	68.39999999999999	0.0	36.269999999999996	73.38	0.0	2732.0
93.0	33.56013341067286	20.729863274776285	0.0	30.99	18.27	0.0	35.73	23.16	0.0	12068.0
94.0	32.5338444389398	46.55730245231607	0.0	31.59	45.36	0.0	33.51	48.059999999999995	0.0	4037.0
95.0	32.84038495971351	29.605454341987464	0.0	31.68	27.81	0.0	34.35	31.68	0.0	4468.0
96.0	33.44586764705883	54.227194852941174	0.0	31.89	52.559999999999995	0.0	35.07	55.949999999999996	0.0	8160.0
97.0	33.17936729663105	29.604445357436322	0.0	32.07	28.169999999999998	0.0	34.11	30.99	0.0	3651.0
98.0	34.06352017330084	36.3618250744652	0.0	32.07	34.65	0.0	36.3	38.07	0.0	11079.0
99.0	33.6045703125	17.89930360991379	0.0	32.1	16.41	0.0	35.1	19.5	0.0	7424.0
100.0	33.2363052905464	14.806313963573283	0.0	32.519999999999996	13.86	0.0	33.99	15.719999999999999	0.0	2306.0
101.0	33.67536903039074	16.247387843704775	0.0	32.519999999999996	15.51	0.0	34.68	16.98	0.0	1382.0
102.0	34.670653190417895	49.338236098122444	0.0	32.58	47.43	0.0	36.78	51.3	0.0	13901.0
103.0	35.23443073018803	24.79629253662475	0.0	33.48	23.279999999999998	0.0	36.99	26.31	0.0	8669.0
104.0	35.29046855402259	70.90076151227377	0.0	33.629999999999995	68.67	0.0	36.9	73.11	0.0	11162.0
105.0	34.45167208848406	64.73301236174365	0.0	33.81	63.75	0.0	34.98	65.73	0.0	1537.0
106.0	35.47927496038033	40.87163629160063	0.0	34.11	39.269999999999996	0.0	36.9	42.51	0.0	7572.0
107.0	35.513061365600684	27.733420916162476	0.0	34.14	26.58	0.0	36.99	28.89	0.0	5785.0
108.0	34.82944162436547	16.305685279187816	0.0	34.47	15.87	0.0	35.22	16.8	0.0	591.0
109.0	35.67332846715328	64.8858613138686	0.0	34.98	64.28999999999999	0.0	36.33	65.75999999999999	0.0	1370.0
110.0	36.213872375805444	11.356056952816461	0.0	35.01	10.23	0.0	37.44	12.66	0.0	4811.0
111.0	36.265764425936936	13.922314098750743	0.0	35.16	12.629999999999999	0.0	37.41	15.33	0.0	5043.0
112.0	37.51944863293669	37.82384412753202	0.0	35.49	36.12	0.0	39.42	39.39	0.0	11009.0
113.0	37.26333832743122	52.5683764641787	0.0	35.61	51.33	0.0	38.94	53.91	0.0	7342.0
114.0	38.22218392655822	68.18141407634079	0.0	36.66	66.87	0.0	39.69	69.48	0.0	6209.0
115.0	38.40725837540156	30.311050022946304	0.0	36.809999999999995	28.439999999999998	0.0	40.17	32.19	0.0	10895.0
116.0	37.85906605922551	58.68717539863325	0.0	36.9	57.78	0.0	38.94	59.55	0.0	2634.0
117.0	38.421351538195644	61.773976840649844	0.0	37.14	60.48	0.0	39.69	63.089999999999996	0.0	5786.0
118.0	38.30241194486983	34.70578101071975	0.0	37.29	33.6	0.0	39.3	35.82	0.0	3918.0
119.0	38.01229533282326	64.96783473603672	0.0	37.35	64.28999999999999	0.0	38.67	65.73	0.0	1307.0
120.0	38.89671655411571	15.05643000547545	0.0	37.47	13.979999999999999	0.0	40.35	16.169999999999998	0.0	5479.0
121.0	39.151777707609725	44.43445216293023	0.0	37.5	42.72	0.0	40.769999999999996	46.26	0.0	9501.0
122.0	39.52357646337727	19.117943610174684	0.0	37.559999999999995	17.669999999999998	0.0	41.4	20.64	0.0	9789.0
123.0	40.00058894837863	23.545684412566924	0.0	38.07	21.96	0.0	41.97	24.99	0.0	9899.0
124.0	40.03129655172414	33.06548965517242	0.0	39.24	32.28	0.0	40.89	33.87	0.0	2175.0
125.0	40.24922322775264	64.21996983408748	0.0	39.24	63.089999999999996	0.0	41.25	65.34	0.0	3978.0
126.0	39.88538613861386	38.99836633663366	0.0	39.36	38.46	0.0	40.47	39.51	0.0	1010.0
127.0	40.634361818181816	60.34736727272726	0.0	39.39	59.07	0.0	41.879999999999995	61.589999999999996	0.0	5500.0
128.0	40.940076628352486	63.98773946360153	0.0	39.66	62.91	0.0	41.49	65.39999999999999	0.0	783.0
129.0	41.0437849982717	68.74838575872796	0.0	39.66	67.38	0.0	42.36	70.2	0.0	5786.0
130.0	40.62090909090909	32.88564935064935	0.0	39.839999999999996	32.19	0.0	41.07	33.81	0.0	462.0
131.0	40.70614027538726	37.451566265060244	0.0	39.93	36.54	0.0	41.519999999999996	38.309999999999995	0.0	2324.0
132.0	40.745101214574895	46.70036437246963	0.0	40.35	46.17	0.0	41.16	47.19	0.0	741.0
133.0	41.81281622911694	15.836555290373903	0.0	40.65	14.82	0.0	42.9	16.89	0.0	3771.0
134.0	42.142007403869115	43.00402913780749	0.0	40.74	41.339999999999996	0.0	43.5	44.67	0.0	8374.0
135.0	42.17764249578415	72.79583979763912	0.0	40.86	71.34	0.0	43.5	74.19	0.0	5930.0
136.0	42.016754032258056	9.230201612903226	0.0	40.92	9.0	0.0	42.69	9.48	0.0	496.0
137.0	41.996546140195214	35.03898181011534	0.0	40.92	33.839999999999996	0.0	43.11	36.3	0.0	4508.0
138.0	42.407658355795135	31.856517857142858	0.0	41.16	30.48	0.0	43.65	33.21	0.0	5936.0
139.0	43.19946181311505	49.24205956631543	0.0	41.55	47.309999999999995	0.0	44.94	51.269999999999996	0.0	11483.0
140.0	42.93343154246097	62.97992027729636	0.0	41.79	61.53	0.0	44.19	64.32	0.0	5770.0
141.0	42.96399570354457	40.265606874328675	0.0	42.239999999999995	39.57	0.0	43.68	40.98	0.0	1862.0
142.0	44.26614171317641	53.60200679446736	0.0	42.33	51.75	0.0	46.26	55.47	0.0	12363.0
143.0	43.6886148955495	37.5552906448683	0.0	42.42	36.059999999999995	0.0	45.03	39.059999999999995	0.0	6606.0
144.0	43.97115329168668	45.56868813070639	0.0	42.6	44.16	0.0	45.3	46.949999999999996	0.0	6243.0
145.0	44.51028648087244	26.706937857019213	0.0	42.87	24.63	0.0	46.05	28.74	0.0	11554.0
146.0	44.11938576349024	21.629506314580937	0.0	42.9	20.34	0.0	45.36	22.89	0.0	5226.0
147.0	43.52957278481013	42.866962025316454	0.0	43.05	41.879999999999995	0.0	43.8	44.04	0.0	632.0
148.0	44.132001507727104	15.711869581605729	0.0	43.17	14.85	0.0	45.089999999999996	16.53	0.0	2653.0
149.0	44.17802656546489	75.06129032258065	0.0	43.17	74.07	0.0	45.089999999999996	76.08	0.0	3162.0
150.0	44.94670331950207	68.17243568464731	0.0	43.71	66.50999999999999	0.0	46.29	69.6	0.0	4820.0
151.0	44.92987467588591	30.24589239412273	0.0	43.739999999999995	29.07	0.0	46.11	31.47	0.0	4628.0
152.0	45.24998284734133	33.748952462631706	0.0	43.89	32.1	0.0	46.68	35.46	0.0	8162.0
153.0	45.22650072150071	10.563499278499277	0.0	43.98	9.57	0.0	46.35	11.639999999999999	0.0	4158.0
154.0	44.66194690265487	17.878761061946904	0.0	44.129999999999995	17.37	0.0	45.21	18.45	0.0	1017.0
155.0	45.46270238095238	61.56186904761905	0.0	44.4	60.239999999999995	0.0	46.589999999999996	62.91	0.0	5040.0
156.0	45.814781368821286	72.78273447401774	0.0	44.4	70.71	0.0	47.339999999999996	74.7	0.0	9468.0
157.0	46.16758867726717	13.868135593220336	0.0	44.879999999999995	12.57	0.0	47.519999999999996	15.24	0.0	5723.0
158.0	47.01764372189554	22.24381182981667	0.0	44.879999999999995	19.32	0.0	48.96	24.779999999999998	0.0	14455.0
159.0	46.03717171717172	16.976756453423118	0.0	45.239999999999995	15.99	0.0	46.86	17.939999999999998	0.0	2673.0
160.0	45.79615841584159	83.69102970297028	0.0	45.269999999999996	83.16	0.0	46.32	84.27	0.0	1010.0
161.0	46.57937200174444	37.45747056258177	0.0	45.36	35.519999999999996	0.0	48.0	39.15	0.0	6879.0
162.0	47.27861344537815	36.08281512605042	0.0	46.26	35.43	0.0	48.0	37.08	0.0	1190.0
163.0	47.35746223564954	19.258539778449144	0.0	46.44	18.3	0.0	48.33	20.22	0.0	2979.0
164.0	47.75644013520726	66.51552392812665	0.0	46.47	65.28	0.0	49.11	67.74	0.0	5621.0
165.0	47.59937090739008	26.484029466791394	0.0	46.589999999999996	25.29	0.0	48.66	27.689999999999998	0.0	4276.0
166.0	48.077229465449804	11.676485006518902	0.0	46.65	10.139999999999999	0.0	49.559999999999995	13.17	0.0	7670.0
167.0	47.1006309751434	36.93235181644359	0.0	46.71	36.51	0.0	47.43	37.35	0.0	523.0
168.0	48.40769759450171	71.21687285223366	0.0	46.769999999999996	69.84	0.0	50.07	72.66	0.0	7857.0
169.0	47.43798438608942	50.776905606813344	0.0	46.8	50.16	0.0	48.15	51.39	0.0	1409.0
170.0	47.99524630541872	47.54755336617406	0.0	46.949999999999996	46.53	0.0	49.08	48.57	0.0	3654.0
171.0	48.70648840381992	33.947503410641204	0.0	47.04	32.04	0.0	50.4	35.97	0.0	10995.0
172.0	48.30644541484716	54.95946724890829	0.0	47.4	53.79	0.0	49.29	56.1	0.0	3435.0
173.0	48.05105960264901	50.24473509933775	0.0	47.43	49.83	0.0	48.51	50.879999999999995	0.0	604.0
174.0	49.14081366540618	86.37168992045899	0.0	47.46	84.86999999999999	0.0	50.669999999999995	87.92999999999999	0.0	7669.0
175.0	48.65755035383778	30.616869896570496	0.0	47.73	29.759999999999998	0.0	49.47	31.439999999999998	0.0	1837.0
176.0	49.37449880668258	82.24020883054891	0.0	47.79	80.25	0.0	50.97	84.09	0.0	10056.0
177.0	48.506514970059875	88.00451497005987	0.0	47.82	86.94	0.0	48.839999999999996	89.22	0.0	835.0
178.0	49.68942179700499	44.93989267886856	0.0	48.03	42.78	0.0	51.36	47.129999999999995	0.0	12020.0
179.0	49.113488559892325	74.64271332436068	0.0	48.059999999999995	73.44	0.0	50.129999999999995	75.78	0.0	3715.0
180.0	48.93322916666666	74.48489583333333	0.0	48.54	74.07	0.0	49.379999999999995	74.85	0.0	576.0
181.0	50.24121064301551	18.48544567627494	0.0	48.75	17.22	0.0	51.75	19.77	0.0	6765.0
182.0	50.096834228702996	78.3289581734459	0.0	48.9	77.00999999999999	0.0	51.269999999999996	79.64999999999999	0.0	5212.0
183.0	49.87019629837353	56.92448681996635	0.0	49.14	56.19	0.0	50.58	57.599999999999994	0.0	1783.0
184.0	51.5012572789836	36.481465060878776	0.0	49.26	34.26	0.0	53.64	39.15	0.0	7556.0
185.0	49.90040899795501	52.80327198364008	0.0	49.26	52.11	0.0	50.55	53.46	0.0	1467.0
186.0	52.284685714285715	90.67451688311688	0.0	49.26	89.58	0.0	54.36	92.03999999999999	0.0	3850.0
187.0	50.70609006433165	26.196068620443164	0.0	49.32	24.48	0.0	52.08	28.2	0.0	8394.0
188.0	50.756285571642536	22.25519970044933	0.0	49.35	20.55	0.0	52.32	23.88	0.0	8012.0
189.0	50.72384662765627	10.039882968894355	0.0	49.44	8.64	0.0	52.08	11.459999999999999	0.0	6494.0
190.0	50.843846787479414	66.7007866556837	0.0	49.71	65.42999999999999	0.0	51.96	68.03999999999999	0.0	4856.0
191.0	50.90855150214592	41.55590987124464	0.0	49.86	40.32	0.0	51.93	42.809999999999995	0.0	4660.0
192.0	51.39263703703704	70.01288395061728	0.0	49.86	68.75999999999999	0.0	52.89	71.28	0.0	6075.0
193.0	51.05818705035972	90.34696402877697	0.0	49.89	89.94	0.0	51.989999999999995	90.81	0.0	695.0
194.0	50.837730337078646	27.839865168539323	0.0	50.01	27.39	0.0	51.6	28.11	0.0	445.0
195.0	51.66890318212593	72.78639133378469	0.0	50.19	71.85	0.0	53.16	73.74	0.0	4431.0
196.0	52.02988241582041	84.71866916087654	0.0	50.43	83.58	0.0	53.61	85.89	0.0	5613.0
197.0	51.50581788879935	15.503473005640611	0.0	50.519999999999996	14.67	0.0	52.35	16.32	0.0	2482.0
198.0	52.74261064278188	34.4822813487882	0.0	50.61	32.82	0.0	54.9	36.15	0.0	11388.0
199.0	52.01141973718115	54.73492656531822	0.0	50.61	52.5	0.0	53.58	56.46	0.0	7762.0
200.0	51.96819182389937	76.2056498951782	0.0	50.76	74.88	0.0	53.16	77.58	0.0	5724.0
201.0	51.743435804701626	23.598119349005426	0.0	50.79	22.95	0.0	52.5	24.06	0.0	553.0
202.0	52.50327898089172	7.9184101910828035	0.0	51.03	6.989999999999999	0.0	53.669999999999995	8.94	0.0	3925.0
203.0	52.793766724840026	12.747015706806268	0.0	51.269999999999996	10.83	0.0	54.269999999999996	14.639999999999999	0.0	10314.0
204.0	51.79336520076481	89.51569789674951	0.0	51.269999999999996	89.19	0.0	52.23	89.97	0.0	523.0
205.0	53.649432371067135	19.78704832954915	0.0	51.87	18.3	0.0	55.5	21.33	0.0	9249.0
206.0	52.27837259100642	29.105845824411134	0.0	51.9	28.709999999999997	0.0	52.62	29.52	0.0	467.0
207.0	53.36175558312655	58.01485421836228	0.0	51.96	56.64	0.0	54.78	59.37	0.0	6448.0
208.0	53.34644867785044	88.64297554734148	0.0	51.96	87.09	0.0	54.69	90.45	0.0	7034.0
209.0	52.849798831927316	46.01752757949383	0.0	52.26	45.239999999999995	0.0	53.4	46.83	0.0	1541.0
210.0	53.65173771086523	50.835840740068925	0.0	52.35	49.53	0.0	54.96	52.14	0.0	5513.0
211.0	53.95870175438596	31.977705263157894	0.0	52.589999999999996	31.02	0.0	55.589999999999996	32.91	0.0	4275.0
212.0	53.61318479685452	43.09934469200524	0.0	52.68	41.73	0.0	54.839999999999996	44.28	0.0	763.0
213.0	53.886817226890756	64.40702731092436	0.0	52.68	63.059999999999995	0.0	55.11	65.75999999999999	0.0	5712.0
214.0	53.37720631209818	67.22963179427236	0.0	52.68	66.48	0.0	54.059999999999995	67.98	0.0	1711.0
215.0	56.54444659692626	44.818225493994575	0.0	52.949999999999996	40.949999999999996	0.0	59.61	48.54	0.0	23229.0
216.0	53.42222772277227	15.879554455445543	0.0	53.01	15.479999999999999	0.0	53.85	16.29	0.0	606.0
217.0	54.89801603206413	48.102994989979955	0.0	53.07	46.47	0.0	56.94	49.71	0.0	9980.0
218.0	54.10635859519408	9.745064695009244	0.0	53.19	9.33	0.0	54.6	10.41	0.0	541.0
219.0	54.24827359180688	75.55114850036577	0.0	53.43	74.55	0.0	55.019999999999996	76.64999999999999	0.0	2734.0
220.0	55.70031981085115	83.33893977103035	0.0	53.97	81.6	0.0	57.39	85.2	0.0	8036.0
221.0	55.64395774647887	15.953373879641484	0.0	54.12	14.309999999999999	0.0	57.089999999999996	17.49	0.0	7810.0
222.0	55.89965259454704	12.577242744063325	0.0	54.449999999999996	11.1	0.0	57.269999999999996	14.07	0.0	6822.0
223.0	55.382099087353325	83.69534550195567	0.0	54.54	82.95	0.0	56.25	84.45	0.0	2301.0
224.0	56.37079098541759	62.78483870967742	0.0	54.989999999999995	61.379999999999995	0.0	57.78	64.17	0.0	6789.0
225.0	56.80256047263404	66.22851967450674	0.0	55.05	64.64999999999999	0.0	58.53	67.86	0.0	8971.0
226.0	56.47763236899563	9.32150927947598	0.0	55.08	7.8	0.0	58.019999999999996	10.889999999999999	0.0	7328.0
227.0	55.80489637305699	74.82064766839379	0.0	55.14	73.25999999999999	0.0	57.419999999999995	75.81	0.0	1158.0
228.0	57.23229998301342	53.0273390521488	0.0	55.169999999999995	51.33	0.0	59.339999999999996	54.72	0.0	11774.0
229.0	56.442603471295044	27.924052069425883	0.0	55.23	26.55	0.0	58.199999999999996	29.16	0.0	4494.0
230.0	57.201953144894325	40.84473644003056	0.0	55.44	38.76	0.0	59.22	42.989999999999995	0.0	11781.0
231.0	57.04019806387004	73.97397129186601	0.0	55.5	72.39	0.0	58.65	75.63	0.0	8987.0
232.0	56.09405084745763	66.88627118644067	0.0	55.68	66.50999999999999	0.0	56.519999999999996	67.32	0.0	590.0
233.0	57.45491117133393	31.152035531466428	0.0	55.8	29.369999999999997	0.0	59.28	32.82	0.0	9963.0
234.0	59.061117824773426	5.8401208459214535	0.0	55.83	5.22	0.0	62.339999999999996	6.569999999999999	0.0	1655.0
235.0	56.887907949790794	15.632165271966528	0.0	55.89	14.37	0.0	57.33	17.58	0.0	956.0
236.0	57.72115992970127	87.02027993974389	0.0	56.04	85.17	0.0	59.16	88.74	0.0	7966.0
237.0	56.61028195488722	82.83772556390977	0.0	56.25	82.41	0.0	57.0	83.22	0.0	532.0
238.0	58.256699478865066	56.438873769542546	0.0	56.4	54.03	0.0	60.18	58.29	0.0	10362.0
239.0	57.057346514047865	49.71939646201873	0.0	56.489999999999995	49.199999999999996	0.0	57.599999999999994	50.28	0.0	961.0
240.0	57.64309666735666	21.259368660732772	0.0	56.55	19.98	0.0	58.68	22.619999999999997	0.0	4831.0
241.0	57.332178770949724	86.38307262569832	0.0	56.79	85.77	0.0	57.9	86.91	0.0	1074.0
242.0	58.33545218295219	27.305847193347184	0.0	57.269999999999996	26.31	0.0	59.58	28.259999999999998	0.0	1924.0
243.0	58.9256694214876	46.44940495867768	0.0	57.39	43.589999999999996	0.0	59.849999999999994	48.78	0.0	1815.0
244.0	59.52944277610944	78.52354688021354	0.0	57.51	77.03999999999999	0.0	62.129999999999995	80.03999999999999	0.0	8991.0
245.0	58.90390080428954	69.95651139410187	0.0	57.629999999999995	67.5	0.0	60.239999999999995	71.97	0.0	8952.0
246.0	58.25735751295337	12.298823094004447	0.0	57.69	11.58	0.0	58.83	12.959999999999999	0.0	1351.0
247.0	58.232364039955606	84.34934517203106	0.0	57.78	83.61	0.0	58.65	84.96	0.0	901.0
248.0	59.175880762877306	15.013321820093106	0.0	57.809999999999995	13.65	0.0	60.599999999999994	16.41	0.0	6659.0
249.0	58.218661417322835	28.713118110236223	0.0	57.809999999999995	27.99	0.0	58.919999999999995	29.31	0.0	635.0
250.0	59.06728132884777	50.27576745164003	0.0	57.839999999999996	49.14	0.0	60.269999999999996	51.449999999999996	0.0	4756.0
251.0	59.78850713501647	82.81358946212953	0.0	57.989999999999995	81.24	0.0	61.83	84.45	0.0	8199.0
252.0	59.027269155206284	28.265520628683706	0.0	58.019999999999996	27.3	0.0	59.91	29.34	0.0	3054.0
253.0	58.68164885496183	30.038519083969465	0.0	58.019999999999996	29.459999999999997	0.0	59.16	30.9	0.0	655.0
254.0	58.94243727598566	87.82383512544803	0.0	58.199999999999996	86.31	0.0	59.309999999999995	89.64	0.0	837.0
255.0	59.2948270181219	9.627891268533771	0.0	58.62	8.79	0.0	59.97	10.41	0.0	1821.0
256.0	59.652279534109816	24.468402662229618	0.0	58.71	23.88	0.0	60.66	25.05	0.0	1803.0
257.0	61.065609361621156	59.37411854247931	0.0	59.46	57.449999999999996	0.0	62.64	61.349999999999994	0.0	10511.0
258.0	60.8454186373514	12.38795986194554	0.0	59.489999999999995	10.74	0.0	62.25	14.01	0.0	7823.0
259.0	60.77951498637603	26.548762942779287	0.0	59.519999999999996	25.259999999999998	0.0	62.19	27.81	0.0	5505.0
260.0	60.56639230769231	85.97238461538461	0.0	59.519999999999996	84.92999999999999	0.0	61.65	87.14999999999999	0.0	3900.0
261.0	60.41535504538174	32.673619861185266	0.0	59.76	31.65	0.0	61.08	33.78	0.0	1873.0
262.0	60.84433937823834	63.841321243523325	0.0	59.91	62.519999999999996	0.0	61.5	65.07	0.0	2316.0
263.0	60.6208785942492	52.679984025559094	0.0	59.94	51.87	0.0	61.32	53.46	0.0	1878.0
264.0	60.912122762148336	42.454143222506396	0.0	59.97	41.85	0.0	62.099999999999994	42.93	0.0	782.0
265.0	60.52049773755656	44.432895927601805	0.0	60.0	44.04	0.0	61.019999999999996	44.91	0.0	663.0
266.0	60.647022767075306	82.36155866900175	0.0	60.059999999999995	81.78	0.0	61.199999999999996	82.95	0.0	1142.0
267.0	61.47852255054433	29.287086573354078	0.0	60.15	28.02	0.0	62.79	30.599999999999998	0.0	5787.0
268.0	60.58416791604198	83.66334332833583	0.0	60.21	83.19	0.0	60.96	84.14999999999999	0.0	667.0
269.0	60.874538071065984	35.61024365482233	0.0	60.33	35.01	0.0	61.44	36.15	0.0	985.0
270.0	61.456507413509065	55.71208566721582	0.0	60.51	54.72	0.0	62.339999999999996	56.76	0.0	3035.0
271.0	62.11009532888465	8.95910390848427	0.0	60.599999999999994	7.83	0.0	62.879999999999995	10.5	0.0	1049.0
272.0	61.68795918367347	9.424278676988036	0.0	60.72	8.04	0.0	62.64	10.709999999999999	0.0	4263.0
273.0	62.55923667845384	39.67327155224972	0.0	60.9	38.25	0.0	64.44	41.309999999999995	0.0	8201.0
274.0	62.08248027057496	12.128658399098084	0.0	61.08	10.889999999999999	0.0	62.519999999999996	13.62	0.0	887.0
275.0	62.88231479642501	24.11381529294935	0.0	61.199999999999996	22.439999999999998	0.0	64.59	25.86	0.0	10070.0
276.0	61.95182724252492	72.687707641196	0.0	61.26	71.88	0.0	62.61	73.53	0.0	1806.0
277.0	61.99384615384616	26.263846153846153	0.0	61.53	25.65	0.0	62.309999999999995	26.97	0.0	481.0
278.0	62.982309899569586	44.97090387374462	0.0	61.53	44.25	0.0	64.74	46.29	0.0	697.0
279.0	62.957738248551195	45.86295396007727	0.0	61.62	44.55	0.0	64.35	47.129999999999995	0.0	6212.0
280.0	63.30444951801116	33.81364282090309	0.0	62.01	32.49	0.0	64.64999999999999	35.129999999999995	0.0	5913.0
281.0	62.82697406340057	36.62828530259366	0.0	62.04	35.879999999999995	0.0	63.69	37.35	0.0	2082.0
282.0	63.509035714285716	44.87458928571428	0.0	62.129999999999995	44.4	0.0	64.53	45.87	0.0	560.0
283.0	64.16978287092883	23.362689987937273	0.0	62.16	22.32	0.0	64.89	25.32	0.0	1658.0
284.0	63.59373360242179	46.86874873864783	0.0	62.16	45.72	0.0	64.62	47.46	0.0	991.0
285.0	63.42782587705181	20.343958802703565	0.0	62.19	18.599999999999998	0.0	64.74	22.02	0.0	6214.0
286.0	63.281806057866184	69.94976717902351	0.0	62.25	68.49	0.0	64.44	71.34	0.0	4424.0
287.0	63.4368323734465	6.870009093664748	0.0	62.43	5.85	0.0	64.32	7.92	0.0	3299.0
288.0	64.23021937024325	61.80913296522907	0.0	62.73	60.18	0.0	65.7	63.48	0.0	6701.0
289.0	64.36377846391353	31.058846005403318	0.0	62.94	29.4	0.0	65.75999999999999	32.79	0.0	7773.0
290.0	63.736091954022996	55.984310344827584	0.0	62.94	54.3	0.0	64.98	57.03	0.0	522.0
291.0	64.23804472371094	58.48503603770097	0.0	63.03	57.21	0.0	65.52	59.76	0.0	5411.0
292.0	65.05814300960513	54.859504802561354	0.0	63.059999999999995	52.86	0.0	67.05	56.94	0.0	14055.0
293.0	65.67194845739469	41.99479370714984	0.0	63.089999999999996	40.019999999999996	0.0	68.16	43.8	0.0	16336.0
294.0	65.38569981494108	12.90744813480084	0.0	63.51	11.129999999999999	0.0	67.14	14.79	0.0	10267.0
295.0	64.30655857048313	61.847154202514886	0.0	63.51	61.11	0.0	64.95	62.58	0.0	1511.0
296.0	64.31061557788945	19.69454773869347	0.0	63.72	18.84	0.0	64.74	20.61	0.0	796.0
297.0	64.27466491458607	17.674336399474374	0.0	63.75	16.02	0.0	65.31	18.75	0.0	1522.0
298.0	65.688371206568	8.796082685823192	0.0	63.93	7.5	0.0	67.25999999999999	10.17	0.0	6821.0
299.0	67.15857744501639	51.23182498830136	0.0	64.08	49.71	0.0	69.69	52.71	0.0	12822.0
300.0	65.73070990359335	16.861145194274027	0.0	64.11	15.059999999999999	0.0	67.47	18.72	0.0	10269.0
301.0	65.18767051416579	5.02501573976915	0.0	64.23	4.59	0.0	66.03	5.55	0.0	953.0
302.0	65.67748799999998	15.095184	0.0	64.47	14.79	0.0	67.05	15.69	0.0	625.0
303.0	65.29280588776447	22.01356945722171	0.0	64.67999999999999	21.419999999999998	0.0	65.82	22.59	0.0	1087.0
304.0	65.7360511679644	34.97176863181312	0.0	64.92	34.019999999999996	0.0	66.63	35.94	0.0	2697.0
305.0	66.74658596325955	27.42748657560056	0.0	64.98	25.68	0.0	68.52	29.13	0.0	10615.0
306.0	66.80303577114957	47.350852351130456	0.0	64.98	45.72	0.0	68.55	49.05	0.0	9421.0
307.0	65.5607715133531	39.12636498516321	0.0	65.13	38.699999999999996	0.0	66.0	39.629999999999995	0.0	674.0
308.0	67.01180433436532	23.938008668730646	0.0	65.31	22.529999999999998	0.0	68.67	25.47	0.0	8075.0
309.0	67.08626656274357	77.09280982073265	0.0	65.52	75.75	0.0	68.73	78.57	0.0	7698.0
310.0	66.6576129467296	14.549271746459878	0.0	65.7	13.5	0.0	67.59	15.93	0.0	1483.0
311.0	66.81192719486081	15.653897216274089	0.0	65.75999999999999	14.969999999999999	0.0	67.35	16.439999999999998	0.0	467.0
312.0	67.89521532746285	64.23266029168958	0.0	65.85	62.129999999999995	0.0	69.99	66.27	0.0	14536.0
313.0	67.13995701235893	30.961907576571733	0.0	65.94	29.61	0.0	68.25	32.46	0.0	5583.0
314.0	66.78107544141253	67.69178170144463	0.0	65.97	66.96	0.0	67.56	68.46	0.0	1869.0
315.0	70.38923312883435	3.5926687116564433	0.0	66.50999999999999	2.82	0.0	74.07	4.32	0.0	1956.0
316.0	68.34026275454346	4.982634114298233	0.0	66.78	3.84	0.0	69.6	6.06	0.0	4567.0
317.0	68.964392850204	19.840507091509593	0.0	66.87	17.759999999999998	0.0	71.03999999999999	21.99	0.0	15441.0
318.0	68.43296749388327	14.484026564138414	0.0	67.02	12.75	0.0	69.86999999999999	16.23	0.0	8583.0
319.0	69.23572922314305	58.128189141042505	0.0	67.02	56.25	0.0	71.22	60.15	0.0	12911.0
320.0	68.0207231690465	11.05115154306771	0.0	67.17	10.29	0.0	68.85	11.969999999999999	0.0	2171.0
321.0	68.96122389791184	35.567563805104406	0.0	67.92	34.08	0.0	70.08	36.99	0.0	5172.0
322.0	69.66853151862463	14.024634670487105	0.0	68.07	12.629999999999999	0.0	70.17	15.899999999999999	0.0	1396.0
323.0	69.63196702230843	68.01737342386033	0.0	68.49	66.69	0.0	70.83	69.3	0.0	5155.0
324.0	70.63781213535589	52.75984247374562	0.0	68.52	50.91	0.0	72.92999999999999	54.72	0.0	10284.0
325.0	69.66115450399089	40.900048460661345	0.0	68.58	39.99	0.0	70.77	41.879999999999995	0.0	3508.0
326.0	69.48371721778791	61.56610034207525	0.0	68.67	60.599999999999994	0.0	70.28999999999999	62.519999999999996	0.0	2631.0
327.0	69.37563619227143	25.052403393025447	0.0	68.73	24.57	0.0	70.02	25.56	0.0	1061.0
328.0	69.2774841437632	44.29141649048626	0.0	68.94	43.89	0.0	69.69	44.699999999999996	0.0	473.0
329.0	70.96881298770003	47.95709099325486	0.0	68.94	45.78	0.0	73.02	50.25	0.0	15122.0
330.0	70.88766426364573	38.55177342945417	0.0	69.6	37.44	0.0	72.09	39.69	0.0	4855.0
331.0	70.51251647925552	23.522256688639004	0.0	69.72	22.59	0.0	71.31	24.45	0.0	2579.0
332.0	70.38985277463193	8.598890147225367	0.0	69.75	7.859999999999999	0.0	71.00999999999999	9.42	0.0	1766.0
333.0	71.6918178678333	16.708829150356898	0.0	69.89999999999999	15.36	0.0	73.47	18.15	0.0	8686.0
334.0	70.42811059907834	28.459182027649764	0.0	69.92999999999999	27.9	0.0	70.98	29.04	0.0	868.0
335.0	70.9400144466917	44.19563420976596	0.0	70.08	42.989999999999995	0.0	71.85	45.449999999999996	0.0	3461.0
336.0	71.57044381491974	62.669896128423034	0.0	70.5	61.5	0.0	72.92999999999999	64.2	0.0	3177.0
337.0	71.1300487804878	55.75751219512195	0.0	70.71	55.32	0.0	71.61	56.16	0.0	615.0
338.0	71.4520486111111	15.011458333333334	0.0	70.86	14.459999999999999	0.0	72.21	15.389999999999999	0.0	864.0
339.0	71.31941176470588	62.74788235294117	0.0	71.03999999999999	62.25	0.0	71.7	63.39	0.0	510.0
340.0	72.31339664310954	7.464549469964662	0.0	71.13	5.91	0.0	73.56	9.209999999999999	0.0	6792.0
341.0	72.90986361728913	21.132658413764155	0.0	71.13	19.59	0.0	74.82	22.71	0.0	9532.0
342.0	73.29763160503619	33.045997818974904	0.0	71.28	31.65	0.0	75.33	34.5	0.0	10087.0
343.0	72.20101173020527	63.19821114369501	0.0	71.28	62.339999999999996	0.0	73.02	63.93	0.0	2046.0
344.0	72.69418833450456	14.255860857343643	0.0	71.61	13.17	0.0	73.86	15.33	0.0	4269.0
345.0	72.56260211800303	41.84015128593041	0.0	71.97	41.01	0.0	73.64999999999999	43.29	0.0	661.0
346.0	73.91880378037801	54.35656525652565	0.0	72.14999999999999	52.62	0.0	75.69	56.19	0.0	11110.0
347.0	73.17964902186424	42.17801495972382	0.0	72.17999999999999	41.16	0.0	74.19	43.379999999999995	0.0	3476.0
348.0	73.47828463203464	24.2726948051948	0.0	72.21	23.009999999999998	0.0	74.73	25.59	0.0	5544.0
349.0	72.68151063829788	28.336404255319145	0.0	72.24	27.419999999999998	0.0	73.71	28.98	0.0	470.0
350.0	73.33289864428664	27.889551323434468	0.0	72.39	26.97	0.0	74.25	28.89	0.0	3098.0
351.0	73.99864440078585	76.76929666011787	0.0	72.48	75.21	0.0	75.48	78.36	0.0	7635.0
352.0	74.04756354075371	3.746503067484662	0.0	72.72	2.9699999999999998	0.0	75.17999999999999	4.71	0.0	3423.0
353.0	74.3639833795014	59.02386703601107	0.0	72.72	57.03	0.0	75.92999999999999	61.019999999999996	0.0	10830.0
354.0	75.42601279317698	12.230597014925365	0.0	72.92999999999999	9.87	0.0	76.5	13.59	0.0	1876.0
355.0	74.0552897473997	42.2707132243685	0.0	73.53	41.129999999999995	0.0	74.39999999999999	43.26	0.0	673.0
356.0	74.40660913705584	8.220441624365483	0.0	73.64999999999999	7.35	0.0	75.27	8.94	0.0	1970.0
357.0	74.52478564307079	35.84745762711864	0.0	73.67999999999999	34.86	0.0	75.33	36.96	0.0	3009.0
358.0	74.96695488721804	18.24861842105263	0.0	73.77	17.189999999999998	0.0	76.17	19.23	0.0	3192.0
359.0	75.0532075471698	30.286251420777447	0.0	73.89	29.16	0.0	76.25999999999999	31.41	0.0	4399.0
360.0	74.46023391812865	43.959999999999994	0.0	73.98	43.62	0.0	74.97	44.28	0.0	513.0
361.0	75.37593979698985	46.68030101505075	0.0	74.03999999999999	44.879999999999995	0.0	76.86	48.51	0.0	8571.0
362.0	74.81504549590537	6.133375796178346	0.0	74.07	5.34	0.0	75.63	6.989999999999999	0.0	2198.0
363.0	75.76525401069519	15.09928698752228	0.0	74.31	13.799999999999999	0.0	77.31	16.439999999999998	0.0	6732.0
364.0	76.3087226669853	80.80187597084478	0.0	74.42999999999999	79.35	0.0	78.21	82.23	0.0	8369.0
365.0	75.95411931818182	41.70280032467532	0.0	74.64	39.99	0.0	77.31	43.379999999999995	0.0	7392.0
366.0	76.93399709038007	71.9311747590471	0.0	74.75999999999999	69.78	0.0	79.2	74.16	0.0	16497.0
367.0	75.69561014263076	67.9843145800317	0.0	74.88	67.05	0.0	76.53	68.88	0.0	2524.0
368.0	75.79059574468087	59.22740425531915	0.0	75.33	57.809999999999995	0.0	76.02	60.69	0.0	470.0
369.0	76.32141877256318	4.4938158844765415	0.0	75.53999999999999	3.42	0.0	77.1	5.49	0.0	2770.0
370.0	76.43012578616352	82.302893081761	0.0	75.69	81.96	0.0	77.25	82.5	0.0	477.0
371.0	77.10806863527533	37.75114126097366	0.0	75.99	36.809999999999995	0.0	78.17999999999999	38.76	0.0	3759.0
372.0	76.42653306613227	20.838937875751505	0.0	76.14	19.71	0.0	77.03999999999999	21.75	0.0	499.0
373.0	77.87214689781023	19.90383667883214	0.0	76.2	17.97	0.0	79.53	21.99	0.0	10960.0
374.0	77.46780474934036	52.9300488126649	0.0	76.2	51.21	0.0	78.72	54.629999999999995	0.0	7580.0
375.0	77.6111994076999	24.825370187561692	0.0	76.53	22.74	0.0	78.89999999999999	26.91	0.0	4052.0
376.0	77.03600694444445	6.881562499999999	0.0	76.64999999999999	6.27	0.0	77.42999999999999	7.5	0.0	864.0
377.0	78.0009192200557	29.689846796657367	0.0	76.67999999999999	28.41	0.0	79.32	30.93	0.0	5744.0
378.0	77.83423685335613	59.30662035057717	0.0	76.77	58.08	0.0	78.92999999999999	60.54	0.0	4678.0
379.0	77.7139391634981	67.75079087452472	0.0	76.92	65.91	0.0	79.71	68.88	0.0	1315.0
380.0	77.69168431183832	40.39910009624639	0.0	77.00999999999999	39.57	0.0	78.42	41.25	0.0	2078.0
381.0	78.31232234223991	46.81068504832291	0.0	77.25	45.75	0.0	79.32	47.85	0.0	3518.0
382.0	78.8985718891038	56.29709864603481	0.0	77.31	54.6	0.0	80.46	58.019999999999996	0.0	9306.0
383.0	78.74901485535575	23.348719702892886	0.0	77.36999999999999	22.23	0.0	80.22	24.48	0.0	5116.0
384.0	78.69357495881384	62.48477347611203	0.0	77.36999999999999	60.87	0.0	80.00999999999999	64.17	0.0	7284.0
385.0	78.57948577680524	16.522713347921226	0.0	77.85	15.69	0.0	79.35	17.25	0.0	1828.0
386.0	79.04108453705895	25.979438787591764	0.0	78.0	24.81	0.0	80.13	27.15	0.0	4223.0
387.0	79.5048644843365	35.682664554734245	0.0	78.27	33.78	0.0	80.88	37.65	0.0	8523.0
388.0	80.68480925298742	50.13570132276821	0.0	78.57	48.03	0.0	82.92	52.26	0.0	15649.0
389.0	79.38765027322404	19.016284153005465	0.0	78.75	18.09	0.0	79.71	20.25	0.0	549.0
390.0	80.25281824104233	5.668807817589569	0.0	78.78	4.05	0.0	81.84	7.14	0.0	7675.0
391.0	80.14972417251754	74.86354563691074	0.0	78.78	73.61999999999999	0.0	81.57	76.23	0.0	5982.0
392.0	79.87341782502044	2.5786753883892017	0.0	78.81	2.01	0.0	80.58	3.36	0.0	1223.0
393.0	80.25487108013938	28.343268292682925	0.0	79.08	27.27	0.0	81.45	29.43	0.0	4305.0
394.0	80.99272762645914	41.2333307392996	0.0	79.28999999999999	39.809999999999995	0.0	82.64999999999999	42.809999999999995	0.0	7710.0
395.0	80.2923577552611	59.304633671083394	0.0	79.41	58.47	0.0	81.21	60.15	0.0	2566.0
396.0	80.53139644970413	11.989185798816566	0.0	79.59	10.77	0.0	81.53999999999999	13.35	0.0	4225.0
397.0	80.37368534482758	46.793103448275865	0.0	79.8	45.989999999999995	0.0	81.0	47.489999999999995	0.0	1392.0
398.0	81.57176966292133	15.614897410845137	0.0	80.1	13.889999999999999	0.0	83.03999999999999	17.28	0.0	8188.0
399.0	81.59511100832563	8.689426456984279	0.0	80.19	7.38	0.0	83.07	10.049999999999999	0.0	6486.0
400.0	82.00969362567156	25.01013794104835	0.0	80.36999999999999	23.79	0.0	83.7	26.279999999999998	0.0	6887.0
401.0	82.61408661988867	38.231858214372124	0.0	80.49	36.51	0.0	84.63	40.08	0.0	12399.0
402.0	81.64196883116884	32.91935064935065	0.0	80.61	31.83	0.0	82.64999999999999	34.019999999999996	0.0	3850.0
403.0	82.16136550912302	54.0388287227781	0.0	80.7	52.589999999999996	0.0	83.67	55.47	0.0	6796.0
404.0	82.49825879139637	2.092604984636394	0.0	80.82	1.53	0.0	84.09	2.79	0.0	2929.0
405.0	82.6416645807259	35.051729662077605	0.0	81.39	34.11	0.0	83.94	35.97	0.0	3995.0
406.0	82.65820835022292	21.845660721524112	0.0	81.57	20.52	0.0	83.78999999999999	23.099999999999998	0.0	4934.0
407.0	83.26840555321834	74.16782078249895	0.0	81.81	72.81	0.0	84.75	75.6	0.0	7131.0
408.0	82.47786504424779	47.12807522123894	0.0	81.96	46.559999999999995	0.0	82.98	47.64	0.0	904.0
409.0	82.52744807121661	31.147537091988127	0.0	81.99	30.57	0.0	83.16	31.65	0.0	1011.0
410.0	83.55460678345135	27.88363585538576	0.0	82.25999999999999	26.58	0.0	84.86999999999999	29.099999999999998	0.0	5366.0
411.0	83.40333217993079	59.98803633217993	0.0	82.28999999999999	58.47	0.0	84.50999999999999	61.53	0.0	5780.0
412.0	83.99137109752172	64.12531058899259	0.0	82.32	62.489999999999995	0.0	85.67999999999999	65.75999999999999	0.0	9321.0
413.0	84.29705120101137	70.6563432364096	0.0	82.32	68.73	0.0	86.25	72.53999999999999	0.0	12656.0
414.0	83.04678513731825	30.7443295638126	0.0	82.35	30.27	0.0	83.55	31.29	0.0	619.0
415.0	83.72680886243386	5.920892857142848	0.0	82.38	4.08	0.0	85.17	7.949999999999999	0.0	9072.0
416.0	83.95942307692307	10.799092888243832	0.0	82.44	9.24	0.0	85.61999999999999	12.48	0.0	8268.0
417.0	83.89317620286086	17.914613133940183	0.0	82.98	16.98	0.0	84.78	18.87	0.0	3076.0
418.0	84.29909690060562	15.054944780904878	0.0	83.16	13.65	0.0	85.44	16.47	0.0	5614.0
419.0	84.90043742405832	67.18207371405425	0.0	83.28	65.85	0.0	86.52	68.52	0.0	7407.0
420.0	84.67323548456723	42.418012087200516	0.0	83.61	41.16	0.0	85.74	43.71	0.0	4633.0
421.0	85.19569579288026	14.608090614886732	0.0	84.03	13.53	0.0	85.74	16.14	0.0	927.0
422.0	84.89857980728947	45.85329702555509	0.0	84.14999999999999	44.91	0.0	85.67999999999999	46.769999999999996	0.0	2387.0
423.0	85.3502407971215	19.813086078051477	0.0	84.36	18.84	0.0	86.39999999999999	20.88	0.0	3613.0
424.0	84.89901408450703	58.12366197183097	0.0	84.57	57.599999999999994	0.0	85.35	58.53	0.0	426.0
425.0	85.19112128146453	21.64196796338672	0.0	84.6	21.029999999999998	0.0	85.8	22.349999999999998	0.0	1311.0
426.0	86.1122545679777	53.680624032208115	0.0	84.84	51.72	0.0	87.21	55.44	0.0	6458.0
427.0	86.21727459577967	30.35564675253494	0.0	84.86999999999999	28.59	0.0	87.75	31.919999999999998	0.0	7298.0
428.0	86.29768076398362	37.73239256480218	0.0	84.99	36.33	0.0	87.57	39.15	0.0	5864.0
429.0	86.89376267207342	17.453610073631417	0.0	85.25999999999999	15.899999999999999	0.0	88.61999999999999	19.11	0.0	9371.0
430.0	85.98438011327879	5.335657646318435	0.0	85.44	4.2	0.0	86.55	6.359999999999999	0.0	1589.0
431.0	86.39942484662576	12.293627300613503	0.0	85.74	11.61	0.0	87.03	12.93	0.0	1304.0
432.0	86.9680567964263	40.26741863433312	0.0	85.83	39.51	0.0	88.14	41.04	0.0	3134.0
433.0	87.46185255834828	47.335889811490134	0.0	85.97999999999999	45.48	0.0	88.86	49.29	0.0	8912.0
434.0	87.24986821015138	59.58650222617988	0.0	85.97999999999999	58.199999999999996	0.0	88.5	60.989999999999995	0.0	5615.0
435.0	87.12793851221521	73.07044743343398	0.0	86.03999999999999	72.0	0.0	88.2	74.13	0.0	3643.0
436.0	87.29940637596188	50.82638695492853	0.0	86.31	49.92	0.0	88.22999999999999	51.78	0.0	2729.0
437.0	87.0442808219178	69.95551369863013	0.0	86.49	67.77	0.0	88.53	71.36999999999999	0.0	876.0
438.0	88.21329578456393	69.26788260142568	0.0	86.61	67.25999999999999	0.0	89.88	71.16	0.0	11363.0
439.0	87.78803582853486	21.98444657709533	0.0	86.67	20.79	0.0	88.89	23.25	0.0	4689.0
440.0	88.44149837133551	33.60131921824104	0.0	86.72999999999999	32.25	0.0	90.99	35.49	0.0	1842.0
441.0	88.49958764289603	43.678244420250415	0.0	86.82	42.059999999999995	0.0	89.91	45.39	0.0	7348.0
442.0	88.26833988641327	28.20780253385758	0.0	86.88	26.82	0.0	89.7	29.61	0.0	6867.0
443.0	88.92691352345909	34.32291168353266	0.0	86.97	32.4	0.0	90.89999999999999	36.269999999999996	0.0	10870.0
444.0	88.62287972682434	25.078019476413296	0.0	87.14999999999999	23.46	0.0	90.03	26.669999999999998	0.0	7907.0
445.0	88.84970588235296	32.57992647058824	0.0	87.3	32.129999999999995	0.0	90.03	33.36	0.0	408.0
446.0	88.48698065064853	62.66816925366787	0.0	87.36	61.379999999999995	0.0	89.64	63.93	0.0	4703.0
447.0	89.17168765743072	65.73700755667507	0.0	87.81	64.41	0.0	90.53999999999999	66.99	0.0	5955.0
448.0	89.73302719572003	49.89393669193045	0.0	88.47	48.39	0.0	91.11	51.33	0.0	6729.0
449.0	90.55479192418623	38.9978079934075	0.0	89.07	37.589999999999996	0.0	92.03999999999999	40.44	0.0	7281.0
450.0	89.51506024096386	22.331054216867475	0.0	89.16	21.24	0.0	89.97	23.4	0.0	996.0
451.0	91.03705135135135	71.57451891891893	0.0	89.64	70.02	0.0	92.46	73.2	0.0	7400.0
452.0	90.41811773818745	62.78049573973664	0.0	89.85	62.07	0.0	91.02	63.57	0.0	1291.0
453.0	90.40183431952661	42.85958579881657	0.0	90.06	42.3	0.0	90.78	43.29	0.0	507.0
454.0	91.44668719211822	55.672712438423645	0.0	90.42	54.69	0.0	92.49	56.669999999999995	0.0	3248.0
455.0	90.84403389830507	29.31061016949152	0.0	90.50999999999999	28.439999999999998	0.0	91.17	30.119999999999997	0.0	885.0
456.0	93.15716188890211	61.101089568216956	0.0	91.74	59.46	0.0	94.61999999999999	62.76	0.0	8407.0
457.0	93.90947192884936	53.697481934408	0.0	93.21	52.98	0.0	94.59	54.51	0.0	1799.0
458.0	94.10488593155893	68.77771863117871	0.0	93.33	67.47	0.0	95.00999999999999	69.92999999999999	0.0	3156.0
459.0	97.13232258064515	61.46967741935484	0.0	96.84	60.269999999999996	0.0	97.44	62.58	0.0	465.0
